cq_id,group,intent,question_type,regulation,article_ids,arm,faithful_F1,naive_F1,precision,recall,citations_found,citations_grounded,citations_expected,hallucination,answerability,concept_cov,deontic_align,n_kg_triples,n_rag_chunks,grounded,latency_s,question
A01,A,knowledge,single_article,GDPR,GDPR_Art6,hybrid,1.0,1.0,1.0,1.0,GDPR_Art6,GDPR_Art6,GDPR_Art6,0.0,1.0,0.2857,0.25,12,25,True,19.47,What legal bases can justify the processing of personal data under the GDPR?
A01,A,knowledge,single_article,GDPR,GDPR_Art6,kg_only,1.0,1.0,1.0,1.0,GDPR_Art6,GDPR_Art6,GDPR_Art6,0.0,1.0,0.2857,0.25,12,0,True,1.4,What legal bases can justify the processing of personal data under the GDPR?
A01,A,knowledge,single_article,GDPR,GDPR_Art6,rag_only,1.0,1.0,1.0,1.0,GDPR_Art6,GDPR_Art6,GDPR_Art6,0.0,N/A,0.2857,0.25,0,25,True,3.11,What legal bases can justify the processing of personal data under the GDPR?
A02,A,knowledge,multi_article,GDPR,GDPR_Art6|GDPR_Art7,hybrid,0.6667,0.6667,1.0,0.5,GDPR_Art7,GDPR_Art7,GDPR_Art6|GDPR_Art7,0.0,1.0,0.3333,0.3333,11,24,True,9.86,What conditions must be satisfied for consent to be a valid legal basis for processing?
A02,A,knowledge,multi_article,GDPR,GDPR_Art6|GDPR_Art7,kg_only,1.0,1.0,1.0,1.0,GDPR_Art6|GDPR_Art7,GDPR_Art6|GDPR_Art7,GDPR_Art6|GDPR_Art7,0.0,1.0,0.1667,0.3333,11,0,True,1.06,What conditions must be satisfied for consent to be a valid legal basis for processing?
A02,A,knowledge,multi_article,GDPR,GDPR_Art6|GDPR_Art7,rag_only,0.6667,0.6667,1.0,0.5,GDPR_Art7,GDPR_Art7,GDPR_Art6|GDPR_Art7,0.0,N/A,0.5,0.4,0,24,True,20.28,What conditions must be satisfied for consent to be a valid legal basis for processing?
A03,A,knowledge,single_article,GDPR,GDPR_Art9,hybrid,1.0,1.0,1.0,1.0,GDPR_Art9,GDPR_Art9,GDPR_Art9,0.0,1.0,1.0,0.6667,12,24,True,28.27,What is the general rule on processing special categories of personal data such as health data?
A03,A,knowledge,single_article,GDPR,GDPR_Art9,kg_only,1.0,1.0,1.0,1.0,GDPR_Art9,GDPR_Art9,GDPR_Art9,0.0,1.0,0.75,0.3333,12,0,True,0.94,What is the general rule on processing special categories of personal data such as health data?
A03,A,knowledge,single_article,GDPR,GDPR_Art9,rag_only,0.6667,0.6667,0.5,1.0,GDPR_Art6|GDPR_Art9,GDPR_Art6|GDPR_Art9,GDPR_Art9,0.0,N/A,1.0,0.3333,0,24,True,23.04,What is the general rule on processing special categories of personal data such as health data?
A04,A,knowledge,single_article,GDPR,GDPR_Art5,hybrid,1.0,1.0,1.0,1.0,GDPR_Art5,GDPR_Art5,GDPR_Art5,0.0,0.0,0.8571,0.25,0,24,True,30.35,What principles govern the processing of personal data under the GDPR?
A04,A,knowledge,single_article,GDPR,GDPR_Art5,kg_only,0.0,1.0,0.0,0.0,GDPR_Art5,,GDPR_Art5,1.0,0.0,0.8571,,0,0,False,1.21,What principles govern the processing of personal data under the GDPR?
A04,A,knowledge,single_article,GDPR,GDPR_Art5,rag_only,0.6667,0.6667,0.5,1.0,GDPR_Art5|GDPR_Art6,GDPR_Art5|GDPR_Art6,GDPR_Art5,0.0,N/A,0.8571,0.25,0,24,True,21.59,What principles govern the processing of personal data under the GDPR?
A05,A,knowledge,single_article,GDPR,GDPR_Art5,hybrid,1.0,1.0,1.0,1.0,GDPR_Art5,GDPR_Art5,GDPR_Art5,0.0,0.0,1.0,0.0,0,25,True,28.48,How much personal data may a controller collect for a given purpose?
A05,A,knowledge,single_article,GDPR,GDPR_Art5,kg_only,0.0,1.0,0.0,0.0,GDPR_Art5,,GDPR_Art5,1.0,0.0,0.75,,0,0,False,1.35,How much personal data may a controller collect for a given purpose?
A05,A,knowledge,single_article,GDPR,GDPR_Art5,rag_only,1.0,1.0,1.0,1.0,GDPR_Art5,GDPR_Art5,GDPR_Art5,0.0,N/A,1.0,0.25,0,25,True,22.5,How much personal data may a controller collect for a given purpose?
A06,A,knowledge,single_article,GDPR,GDPR_Art5,hybrid,1.0,1.0,1.0,1.0,GDPR_Art5,GDPR_Art5,GDPR_Art5,0.0,1.0,0.75,1.0,4,24,True,24.19,"Under the GDPR storage limitation principle, how long may personal data be kept in identifiable form?"
A06,A,knowledge,single_article,GDPR,GDPR_Art5,kg_only,1.0,1.0,1.0,1.0,GDPR_Art5,GDPR_Art5,GDPR_Art5,0.0,1.0,0.5,0.0,4,0,True,1.09,"Under the GDPR storage limitation principle, how long may personal data be kept in identifiable form?"
A06,A,knowledge,single_article,GDPR,GDPR_Art5,rag_only,1.0,1.0,1.0,1.0,GDPR_Art5,GDPR_Art5,GDPR_Art5,0.0,N/A,0.75,0.4,0,24,True,19.27,"Under the GDPR storage limitation principle, how long may personal data be kept in identifiable form?"
A07,A,knowledge,multi_article,GDPR,GDPR_Art13|GDPR_Art14,hybrid,0.6667,0.6667,1.0,0.5,GDPR_Art13,GDPR_Art13,GDPR_Art13|GDPR_Art14,0.0,0.0,0.5714,1.0,12,24,True,27.7,What information must be provided to a data subject when personal data is collected?
A07,A,knowledge,multi_article,GDPR,GDPR_Art13|GDPR_Art14,kg_only,0.0,0.8,0.0,0.0,GDPR_Art12|GDPR_Art13|GDPR_Art14,,GDPR_Art13|GDPR_Art14,1.0,0.0,0.5714,1.0,12,0,True,1.53,What information must be provided to a data subject when personal data is collected?
A07,A,knowledge,multi_article,GDPR,GDPR_Art13|GDPR_Art14,rag_only,0.6667,0.6667,1.0,0.5,GDPR_Art13,GDPR_Art13,GDPR_Art13|GDPR_Art14,0.0,N/A,0.4286,0.25,0,24,True,22.68,What information must be provided to a data subject when personal data is collected?
A08,A,knowledge,single_article,GDPR,GDPR_Art25,hybrid,1.0,1.0,1.0,1.0,GDPR_Art25,GDPR_Art25,GDPR_Art25,0.0,0.0,0.75,1.0,12,27,True,30.7,What does data protection by design and by default require of a controller?
A08,A,knowledge,single_article,GDPR,GDPR_Art25,kg_only,0.0,1.0,0.0,0.0,GDPR_Art25,,GDPR_Art25,1.0,0.0,1.0,0.5,12,0,True,1.52,What does data protection by design and by default require of a controller?
A08,A,knowledge,single_article,GDPR,GDPR_Art25,rag_only,1.0,1.0,1.0,1.0,GDPR_Art25,GDPR_Art25,GDPR_Art25,0.0,N/A,0.75,0.2,0,27,True,26.44,What does data protection by design and by default require of a controller?
A09,A,knowledge,single_article,GDPR,GDPR_Art32,hybrid,1.0,1.0,1.0,1.0,GDPR_Art32,GDPR_Art32,GDPR_Art32,0.0,0.0,0.7143,0.0,12,25,True,30.62,What security measures must controllers and processors implement for personal data?
A09,A,knowledge,single_article,GDPR,GDPR_Art32,kg_only,0.0,0.0,0.0,0.0,GDPR_Art14|GDPR_Art5,GDPR_Art14|GDPR_Art5,GDPR_Art32,0.0,0.0,0.2857,0.3333,12,0,True,1.28,What security measures must controllers and processors implement for personal data?
A09,A,knowledge,single_article,GDPR,GDPR_Art32,rag_only,1.0,1.0,1.0,1.0,GDPR_Art32,GDPR_Art32,GDPR_Art32,0.0,N/A,0.8571,0.0,0,25,True,23.57,What security measures must controllers and processors implement for personal data?
A10,A,knowledge,single_article,GDPR,GDPR_Art16,hybrid,1.0,1.0,1.0,1.0,GDPR_Art16,GDPR_Art16,GDPR_Art16,0.0,1.0,0.75,0.0,12,21,True,21.5,What right does a data subject have where the personal data held about them is inaccurate?
A10,A,knowledge,single_article,GDPR,GDPR_Art16,kg_only,1.0,1.0,1.0,1.0,GDPR_Art16,GDPR_Art16,GDPR_Art16,0.0,1.0,0.25,0.0,12,0,True,1.1,What right does a data subject have where the personal data held about them is inaccurate?
A10,A,knowledge,single_article,GDPR,GDPR_Art16,rag_only,1.0,1.0,1.0,1.0,GDPR_Art16,GDPR_Art16,GDPR_Art16,0.0,N/A,0.75,0.25,0,21,True,16.23,What right does a data subject have where the personal data held about them is inaccurate?
A11,A,knowledge,single_article,GDPR,GDPR_Art9,hybrid,1.0,1.0,1.0,1.0,GDPR_Art9,GDPR_Art9,GDPR_Art9,0.0,1.0,0.5,0.3333,8,25,True,29.45,On what grounds may health data be processed despite the general prohibition on special category data?
A11,A,knowledge,single_article,GDPR,GDPR_Art9,kg_only,1.0,1.0,1.0,1.0,GDPR_Art9,GDPR_Art9,GDPR_Art9,0.0,1.0,0.5,0.6667,8,0,True,2.04,On what grounds may health data be processed despite the general prohibition on special category data?
A11,A,knowledge,single_article,GDPR,GDPR_Art9,rag_only,1.0,1.0,1.0,1.0,GDPR_Art9,GDPR_Art9,GDPR_Art9,0.0,N/A,0.5,0.3333,0,25,True,22.79,On what grounds may health data be processed despite the general prohibition on special category data?
A12,A,knowledge,single_article,GDPR,GDPR_Art35,hybrid,1.0,1.0,1.0,1.0,GDPR_Art35,GDPR_Art35,GDPR_Art35,0.0,0.0,0.75,1.0,12,31,True,30.56,When must a controller carry out a data protection impact assessment?
A12,A,knowledge,single_article,GDPR,GDPR_Art35,kg_only,0.0,1.0,0.0,0.0,GDPR_Art35,,GDPR_Art35,1.0,0.0,0.5,1.0,12,0,True,1.48,When must a controller carry out a data protection impact assessment?
A12,A,knowledge,single_article,GDPR,GDPR_Art35,rag_only,1.0,1.0,1.0,1.0,GDPR_Art35,GDPR_Art35,GDPR_Art35,0.0,N/A,0.75,0.2,0,31,True,26.2,When must a controller carry out a data protection impact assessment?
A13,A,knowledge,single_article,GDPR,GDPR_Art15,hybrid,1.0,1.0,1.0,1.0,GDPR_Art15,GDPR_Art15,GDPR_Art15,0.0,1.0,0.5,0.0,12,21,True,22.64,What may a data subject obtain from a controller under the right of access?
A13,A,knowledge,single_article,GDPR,GDPR_Art15,kg_only,1.0,1.0,1.0,1.0,GDPR_Art15,GDPR_Art15,GDPR_Art15,0.0,1.0,0.3333,0.0,12,0,True,1.77,What may a data subject obtain from a controller under the right of access?
A13,A,knowledge,single_article,GDPR,GDPR_Art15,rag_only,1.0,1.0,1.0,1.0,GDPR_Art15,GDPR_Art15,GDPR_Art15,0.0,N/A,0.5,0.0,0,21,True,16.87,What may a data subject obtain from a controller under the right of access?
A14,A,knowledge,multi_article,GDPR,GDPR_Art17|GDPR_Art18,hybrid,1.0,1.0,1.0,1.0,GDPR_Art17|GDPR_Art18,GDPR_Art17|GDPR_Art18,GDPR_Art17|GDPR_Art18,0.0,1.0,0.8,0.3333,12,21,True,20.73,When can a data subject require erasure or restriction of processing of their personal data?
A14,A,knowledge,multi_article,GDPR,GDPR_Art17|GDPR_Art18,kg_only,1.0,1.0,1.0,1.0,GDPR_Art17|GDPR_Art18,GDPR_Art17|GDPR_Art18,GDPR_Art17|GDPR_Art18,0.0,1.0,0.8,0.3333,12,0,True,1.7,When can a data subject require erasure or restriction of processing of their personal data?
A14,A,knowledge,multi_article,GDPR,GDPR_Art17|GDPR_Art18,rag_only,1.0,1.0,1.0,1.0,GDPR_Art17|GDPR_Art18,GDPR_Art17|GDPR_Art18,GDPR_Art17|GDPR_Art18,0.0,N/A,0.8,0.25,0,21,True,17.91,When can a data subject require erasure or restriction of processing of their personal data?
A15,A,knowledge,single_article,GDPR,GDPR_Art22,hybrid,1.0,1.0,1.0,1.0,GDPR_Art22,GDPR_Art22,GDPR_Art22,0.0,1.0,0.6,0.0,12,24,True,24.39,What protections apply to decisions based solely on automated processing under the GDPR?
A15,A,knowledge,single_article,GDPR,GDPR_Art22,kg_only,1.0,1.0,1.0,1.0,GDPR_Art22,GDPR_Art22,GDPR_Art22,0.0,1.0,0.8,0.0,12,0,True,1.4,What protections apply to decisions based solely on automated processing under the GDPR?
A15,A,knowledge,single_article,GDPR,GDPR_Art22,rag_only,1.0,1.0,1.0,1.0,GDPR_Art22,GDPR_Art22,GDPR_Art22,0.0,N/A,0.6,0.4,0,24,True,19.57,What protections apply to decisions based solely on automated processing under the GDPR?
F57,F,knowledge,single_article,DUAA 2025,DUAA_ArtS80-22A,hybrid,0.5,0.5,0.3333,1.0,DUAA_ArtS80-22A|DUAA_ArtS80-22B|GDPR_Art22,DUAA_ArtS80-22A|DUAA_ArtS80-22B|GDPR_Art22,DUAA_ArtS80-22A,0.0,1.0,0.8,0.3333,12,26,True,26.65,How does the DUAA 2025 define a significant decision and a decision based solely on automated processing?
F57,F,knowledge,single_article,DUAA 2025,DUAA_ArtS80-22A,kg_only,0.6667,0.6667,0.5,1.0,DUAA_ArtS80-22A|DUAA_ArtS80-22B,DUAA_ArtS80-22A|DUAA_ArtS80-22B,DUAA_ArtS80-22A,0.0,1.0,0.4,0.3333,12,0,True,1.01,How does the DUAA 2025 define a significant decision and a decision based solely on automated processing?
F57,F,knowledge,single_article,DUAA 2025,DUAA_ArtS80-22A,rag_only,0.5,0.5,0.3333,1.0,DUAA_ArtS80-22A|DUAA_ArtS80-22B|DUAA_ArtS80-22C,DUAA_ArtS80-22A|DUAA_ArtS80-22B|DUAA_ArtS80-22C,DUAA_ArtS80-22A,0.0,N/A,0.8,0.4,0,26,True,22.42,How does the DUAA 2025 define a significant decision and a decision based solely on automated processing?
F58,F,knowledge,single_article,DUAA 2025,DUAA_ArtS80-22B,hybrid,0.6667,0.6667,0.5,1.0,DUAA_ArtS80-22B|GDPR_Art9,DUAA_ArtS80-22B|GDPR_Art9,DUAA_ArtS80-22B,0.0,1.0,1.0,0.3333,12,24,True,24.67,What restrictions does Article 22B of the DUAA 2025 place on solely automated significant decisions?
F58,F,knowledge,single_article,DUAA 2025,DUAA_ArtS80-22B,kg_only,1.0,1.0,1.0,1.0,DUAA_ArtS80-22B,DUAA_ArtS80-22B,DUAA_ArtS80-22B,0.0,1.0,0.8333,0.0,12,0,True,1.23,What restrictions does Article 22B of the DUAA 2025 place on solely automated significant decisions?
F58,F,knowledge,single_article,DUAA 2025,DUAA_ArtS80-22B,rag_only,1.0,1.0,1.0,1.0,DUAA_ArtS80-22B,DUAA_ArtS80-22B,DUAA_ArtS80-22B,0.0,N/A,0.8333,0.2,0,24,True,20.64,What restrictions does Article 22B of the DUAA 2025 place on solely automated significant decisions?
F59,F,knowledge,single_article,DUAA 2025,DUAA_ArtS80-22C,hybrid,0.6667,0.6667,0.5,1.0,DUAA_ArtS80-22C|DUAA_ArtSchedule6,DUAA_ArtS80-22C|DUAA_ArtSchedule6,DUAA_ArtS80-22C,0.0,1.0,0.2,0.3333,5,25,True,14.23,What safeguards must a controller put in place under Article 22C of the DUAA 2025?
F59,F,knowledge,single_article,DUAA 2025,DUAA_ArtS80-22C,kg_only,0.6667,0.6667,0.5,1.0,DUAA_ArtS80-22C|DUAA_ArtSchedule6,DUAA_ArtS80-22C|DUAA_ArtSchedule6,DUAA_ArtS80-22C,0.0,1.0,0.2,0.6667,5,0,True,1.48,What safeguards must a controller put in place under Article 22C of the DUAA 2025?
F59,F,knowledge,single_article,DUAA 2025,DUAA_ArtS80-22C,rag_only,1.0,1.0,1.0,1.0,DUAA_ArtS80-22C,DUAA_ArtS80-22C,DUAA_ArtS80-22C,0.0,N/A,0.2,0.2,0,25,True,1.98,What safeguards must a controller put in place under Article 22C of the DUAA 2025?
F60,F,knowledge,single_article,DUAA 2025,DUAA_ArtS80-22D,hybrid,1.0,1.0,1.0,1.0,DUAA_ArtS80-22D,DUAA_ArtS80-22D,DUAA_ArtS80-22D,0.0,0.0,0.4,0.0,12,24,True,6.38,What power does Article 22D of the DUAA 2025 confer on the Secretary of State in relation to automated decision-making?
F60,F,knowledge,single_article,DUAA 2025,DUAA_ArtS80-22D,kg_only,0.0,1.0,0.0,0.0,DUAA_ArtS80-22D,,DUAA_ArtS80-22D,1.0,0.0,0.4,0.0,12,0,True,0.82,What power does Article 22D of the DUAA 2025 confer on the Secretary of State in relation to automated decision-making?
F60,F,knowledge,single_article,DUAA 2025,DUAA_ArtS80-22D,rag_only,1.0,1.0,1.0,1.0,DUAA_ArtS80-22D,DUAA_ArtS80-22D,DUAA_ArtS80-22D,0.0,N/A,0.4,0.4,0,24,True,23.22,What power does Article 22D of the DUAA 2025 confer on the Secretary of State in relation to automated decision-making?
F61,F,knowledge,single_article,DUAA 2025,DUAA_ArtSchedule6,hybrid,1.0,1.0,1.0,1.0,DUAA_ArtSchedule6,DUAA_ArtSchedule6,DUAA_ArtSchedule6,0.0,1.0,0.6,0.3333,12,25,True,23.27,What does Schedule 6 to the DUAA 2025 do in relation to automated decision-making?
F61,F,knowledge,single_article,DUAA 2025,DUAA_ArtSchedule6,kg_only,1.0,1.0,1.0,1.0,DUAA_ArtSchedule6,DUAA_ArtSchedule6,DUAA_ArtSchedule6,0.0,1.0,0.2,0.0,12,0,True,0.84,What does Schedule 6 to the DUAA 2025 do in relation to automated decision-making?
F61,F,knowledge,single_article,DUAA 2025,DUAA_ArtSchedule6,rag_only,0.3333,0.3333,0.2,1.0,DUAA_ArtS80-22A|DUAA_ArtS80-22B|DUAA_ArtS80-22C|DUAA_ArtS80-22D|DUAA_ArtSchedule6,DUAA_ArtS80-22A|DUAA_ArtS80-22B|DUAA_ArtS80-22C|DUAA_ArtS80-22D|DUAA_ArtSchedule6,DUAA_ArtSchedule6,0.0,N/A,0.6,0.4,0,25,True,21.7,What does Schedule 6 to the DUAA 2025 do in relation to automated decision-making?
B16,B,knowledge,multi_article,EU AI Act,EUAI_Art5|EUAI_Art6|EUAI_Art50,hybrid,0.4,0.3333,0.5,0.3333,EUAI_Art6|EUAI_ArtAnnexI|EUAI_ArtAnnexIII,EUAI_Art6|EUAI_ArtAnnexIII,EUAI_Art5|EUAI_Art50|EUAI_Art6,0.3333,1.0,0.8,0.0,12,33,True,13.27,What risk tiers does the EU AI Act establish for AI systems?
B16,B,knowledge,multi_article,EU AI Act,EUAI_Art5|EUAI_Art6|EUAI_Art50,kg_only,0.5,0.8571,1.0,0.3333,EUAI_Art5|EUAI_Art50|EUAI_Art6|EUAI_ArtAnnexIII,EUAI_Art5,EUAI_Art5|EUAI_Art50|EUAI_Art6,0.75,1.0,1.0,1.0,12,0,True,1.37,What risk tiers does the EU AI Act establish for AI systems?
B16,B,knowledge,multi_article,EU AI Act,EUAI_Art5|EUAI_Art6|EUAI_Art50,rag_only,0.4,0.3333,0.5,0.3333,EUAI_Art6|EUAI_ArtAnnexI|EUAI_ArtAnnexIII,EUAI_Art6|EUAI_ArtAnnexIII,EUAI_Art5|EUAI_Art50|EUAI_Art6,0.3333,N/A,0.6,0.2,0,33,True,2.42,What risk tiers does the EU AI Act establish for AI systems?
B17,B,knowledge,multi_article,EU AI Act,EUAI_Art6|EUAI_ArtAnnexIII,hybrid,1.0,0.8,1.0,1.0,EUAI_Art6|EUAI_ArtAnnexI|EUAI_ArtAnnexIII,EUAI_Art6|EUAI_ArtAnnexIII,EUAI_Art6|EUAI_ArtAnnexIII,0.3333,0.0,1.0,0.0,1,32,True,25.32,What criteria determine whether an AI system is classified as high-risk?
B17,B,knowledge,multi_article,EU AI Act,EUAI_Art6|EUAI_ArtAnnexIII,kg_only,0.0,0.6667,0.0,0.0,EUAI_Art6,,EUAI_Art6|EUAI_ArtAnnexIII,1.0,0.0,0.75,0.0,1,0,True,1.06,What criteria determine whether an AI system is classified as high-risk?
B17,B,knowledge,multi_article,EU AI Act,EUAI_Art6|EUAI_ArtAnnexIII,rag_only,1.0,0.8,1.0,1.0,EUAI_Art6|EUAI_ArtAnnexI|EUAI_ArtAnnexIII,EUAI_Art6|EUAI_ArtAnnexIII,EUAI_Art6|EUAI_ArtAnnexIII,0.3333,N/A,0.5,0.2,0,32,True,28.96,What criteria determine whether an AI system is classified as high-risk?
B18,B,knowledge,single_article,EU AI Act,EUAI_Art6,hybrid,0.6667,0.6667,0.5,1.0,EUAI_Art6|EUAI_ArtAnnexIII,EUAI_Art6|EUAI_ArtAnnexIII,EUAI_Art6,0.0,0.0,0.6,0.5,6,31,True,30.9,When is an Annex III AI system exempt from high-risk classification?
B18,B,knowledge,single_article,EU AI Act,EUAI_Art6,kg_only,0.0,1.0,0.0,0.0,EUAI_Art6,,EUAI_Art6,1.0,0.0,0.0,0.5,6,0,True,1.08,When is an Annex III AI system exempt from high-risk classification?
B18,B,knowledge,single_article,EU AI Act,EUAI_Art6,rag_only,0.6667,0.6667,0.5,1.0,EUAI_Art6|EUAI_ArtAnnexIII,EUAI_Art6|EUAI_ArtAnnexIII,EUAI_Art6,0.0,N/A,0.4,0.4,0,31,True,26.64,When is an Annex III AI system exempt from high-risk classification?
B19,B,knowledge,single_article,EU AI Act,EUAI_ArtAnnexIII,hybrid,0.6667,0.6667,0.5,1.0,EUAI_Art6|EUAI_ArtAnnexIII,EUAI_Art6|EUAI_ArtAnnexIII,EUAI_ArtAnnexIII,0.0,0.0,1.0,0.5,6,31,True,30.93,Which use-case areas are listed in Annex III of the EU AI Act as high-risk?
B19,B,knowledge,single_article,EU AI Act,EUAI_ArtAnnexIII,kg_only,0.0,1.0,0.0,0.0,EUAI_ArtAnnexIII,,EUAI_ArtAnnexIII,1.0,0.0,0.1429,0.5,6,0,True,0.87,Which use-case areas are listed in Annex III of the EU AI Act as high-risk?
B19,B,knowledge,single_article,EU AI Act,EUAI_ArtAnnexIII,rag_only,0.5,0.5,0.3333,1.0,EUAI_Art53|EUAI_Art6|EUAI_ArtAnnexIII,EUAI_Art53|EUAI_Art6|EUAI_ArtAnnexIII,EUAI_ArtAnnexIII,0.0,N/A,0.2857,0.0,0,31,True,26.38,Which use-case areas are listed in Annex III of the EU AI Act as high-risk?
B20,B,knowledge,single_article,EU AI Act,EUAI_Art5,hybrid,1.0,1.0,1.0,1.0,EUAI_Art5,EUAI_Art5,EUAI_Art5,0.0,1.0,0.5,1.0,2,32,True,32.38,Which AI practices are prohibited outright under the EU AI Act?
B20,B,knowledge,single_article,EU AI Act,EUAI_Art5,kg_only,1.0,1.0,1.0,1.0,EUAI_Art5,EUAI_Art5,EUAI_Art5,0.0,1.0,0.3333,0.5,2,0,True,1.02,Which AI practices are prohibited outright under the EU AI Act?
B20,B,knowledge,single_article,EU AI Act,EUAI_Art5,rag_only,1.0,1.0,1.0,1.0,EUAI_Art5,EUAI_Art5,EUAI_Art5,0.0,N/A,0.8333,0.0,0,32,True,27.56,Which AI practices are prohibited outright under the EU AI Act?
B21,B,knowledge,single_article,EU AI Act,EUAI_Art5,hybrid,1.0,1.0,1.0,1.0,EUAI_Art5,EUAI_Art5,EUAI_Art5,0.0,1.0,0.8,1.0,1,32,True,30.14,What rule applies to AI systems used for social scoring of natural persons?
B21,B,knowledge,single_article,EU AI Act,EUAI_Art5,kg_only,1.0,1.0,1.0,1.0,EUAI_Art5,EUAI_Art5,EUAI_Art5,0.0,1.0,0.4,0.0,1,0,True,1.02,What rule applies to AI systems used for social scoring of natural persons?
B21,B,knowledge,single_article,EU AI Act,EUAI_Art5,rag_only,0.0,0.0,0.0,0.0,EUAI_Art6|EUAI_ArtAnnexIII,EUAI_Art6|EUAI_ArtAnnexIII,EUAI_Art5,0.0,N/A,0.2,0.2,0,32,True,27.15,What rule applies to AI systems used for social scoring of natural persons?
B22,B,knowledge,single_article,EU AI Act,EUAI_Art5,hybrid,0.5,0.5,0.3333,1.0,EUAI_Art5|EUAI_Art50|EUAI_ArtAnnexIII,EUAI_Art5|EUAI_Art50|EUAI_ArtAnnexIII,EUAI_Art5,0.0,1.0,0.2,0.6667,4,33,True,33.55,What restrictions apply to AI systems that infer emotions in workplace or educational settings?
B22,B,knowledge,single_article,EU AI Act,EUAI_Art5,kg_only,0.5,0.5,0.3333,1.0,EUAI_Art5|EUAI_Art50|EUAI_ArtAnnexIII,EUAI_Art5|EUAI_Art50|EUAI_ArtAnnexIII,EUAI_Art5,0.0,1.0,0.2,0.3333,4,0,True,1.39,What restrictions apply to AI systems that infer emotions in workplace or educational settings?
B22,B,knowledge,single_article,EU AI Act,EUAI_Art5,rag_only,0.5,0.5,0.3333,1.0,EUAI_Art5|EUAI_Art50|EUAI_ArtAnnexIII,EUAI_Art5|EUAI_Art50|EUAI_ArtAnnexIII,EUAI_Art5,0.0,N/A,0.2,0.2,0,33,True,28.35,What restrictions apply to AI systems that infer emotions in workplace or educational settings?
B23,B,knowledge,single_article,EU AI Act,EUAI_Art5,hybrid,0.5,0.5,0.3333,1.0,EUAI_Art5|EUAI_Art50|EUAI_ArtAnnexIII,EUAI_Art5|EUAI_Art50|EUAI_ArtAnnexIII,EUAI_Art5,0.0,1.0,0.1667,0.3333,7,29,True,32.81,What restrictions apply to biometric categorisation systems under the EU AI Act?
B23,B,knowledge,single_article,EU AI Act,EUAI_Art5,kg_only,0.6667,0.6667,0.5,1.0,EUAI_Art5|EUAI_ArtAnnexIII,EUAI_Art5|EUAI_ArtAnnexIII,EUAI_Art5,0.0,1.0,0.1667,0.6667,7,0,True,1.27,What restrictions apply to biometric categorisation systems under the EU AI Act?
B23,B,knowledge,single_article,EU AI Act,EUAI_Art5,rag_only,0.0,0.0,0.0,0.0,EUAI_Art50|EUAI_ArtAnnexIII,EUAI_Art50|EUAI_ArtAnnexIII,EUAI_Art5,0.0,N/A,0.1667,0.3333,0,29,True,27.29,What restrictions apply to biometric categorisation systems under the EU AI Act?
B24,B,knowledge,single_article,EU AI Act,EUAI_Art5,hybrid,0.6667,0.6667,0.5,1.0,EUAI_Art5|EUAI_ArtAnnexIII,EUAI_Art5|EUAI_ArtAnnexIII,EUAI_Art5,0.0,1.0,0.4,0.0,8,29,True,30.68,When is real-time remote biometric identification in publicly accessible spaces permitted?
B24,B,knowledge,single_article,EU AI Act,EUAI_Art5,kg_only,0.6667,0.6667,0.5,1.0,EUAI_Art5|EUAI_ArtAnnexIII,EUAI_Art5|EUAI_ArtAnnexIII,EUAI_Art5,0.0,1.0,0.8,0.3333,8,0,True,1.12,When is real-time remote biometric identification in publicly accessible spaces permitted?
B24,B,knowledge,single_article,EU AI Act,EUAI_Art5,rag_only,0.0,0.0,0.0,0.0,EUAI_Art26|EUAI_ArtAnnexIII,EUAI_Art26|EUAI_ArtAnnexIII,EUAI_Art5,0.0,N/A,0.2,0.25,0,29,True,26.16,When is real-time remote biometric identification in publicly accessible spaces permitted?
B25,B,knowledge,multi_article,EU AI Act,EUAI_Art9|EUAI_Art10|EUAI_Art11|EUAI_Art12|EUAI_Art13|EUAI_Art14|EUAI_Art15,hybrid,0.4,0.4,0.6667,0.2857,EUAI_Art15|EUAI_Art20|EUAI_Art9,EUAI_Art15|EUAI_Art20|EUAI_Art9,EUAI_Art10|EUAI_Art11|EUAI_Art12|EUAI_Art13|EUAI_Art14|EUAI_Art15|EUAI_Art9,0.0,0.0,0.7143,1.0,12,31,True,31.72,What requirements must a high-risk AI system satisfy under Chapter III Section 2?
B25,B,knowledge,multi_article,EU AI Act,EUAI_Art9|EUAI_Art10|EUAI_Art11|EUAI_Art12|EUAI_Art13|EUAI_Art14|EUAI_Art15,kg_only,0.0,0.0,0.0,0.0,DUAA_ArtS80-22C|EUAI_Art16,DUAA_ArtS80-22C|EUAI_Art16,EUAI_Art10|EUAI_Art11|EUAI_Art12|EUAI_Art13|EUAI_Art14|EUAI_Art15|EUAI_Art9,0.0,0.0,0.1429,1.0,12,0,True,1.05,What requirements must a high-risk AI system satisfy under Chapter III Section 2?
B25,B,knowledge,multi_article,EU AI Act,EUAI_Art9|EUAI_Art10|EUAI_Art11|EUAI_Art12|EUAI_Art13|EUAI_Art14|EUAI_Art15,rag_only,0.8333,0.8333,1.0,0.7143,EUAI_Art11|EUAI_Art13|EUAI_Art14|EUAI_Art15|EUAI_Art9,EUAI_Art11|EUAI_Art13|EUAI_Art14|EUAI_Art15|EUAI_Art9,EUAI_Art10|EUAI_Art11|EUAI_Art12|EUAI_Art13|EUAI_Art14|EUAI_Art15|EUAI_Art9,0.0,N/A,0.7143,0.2,0,31,True,27.84,What requirements must a high-risk AI system satisfy under Chapter III Section 2?
B26,B,knowledge,single_article,EU AI Act,EUAI_Art9,hybrid,1.0,1.0,1.0,1.0,EUAI_Art9,EUAI_Art9,EUAI_Art9,0.0,0.0,0.6667,0.5,12,32,True,31.87,What must a risk management system for a high-risk AI system contain?
B26,B,knowledge,single_article,EU AI Act,EUAI_Art9,kg_only,0.0,1.0,0.0,0.0,EUAI_Art9,,EUAI_Art9,1.0,0.0,0.6667,0.5,12,0,True,1.18,What must a risk management system for a high-risk AI system contain?
B26,B,knowledge,single_article,EU AI Act,EUAI_Art9,rag_only,1.0,1.0,1.0,1.0,EUAI_Art9,EUAI_Art9,EUAI_Art9,0.0,N/A,1.0,0.2,0,32,True,28.65,What must a risk management system for a high-risk AI system contain?
B27,B,knowledge,single_article,EU AI Act,EUAI_Art10,hybrid,1.0,1.0,1.0,1.0,EUAI_Art10,EUAI_Art10,EUAI_Art10,0.0,1.0,1.0,0.0,12,27,True,30.24,"What data governance requirements apply to training, validation and testing datasets?"
B27,B,knowledge,single_article,EU AI Act,EUAI_Art10,kg_only,0.6667,0.6667,0.5,1.0,DUAA_ArtS80-22C|EUAI_Art10,DUAA_ArtS80-22C|EUAI_Art10,EUAI_Art10,0.0,1.0,0.8333,1.0,12,0,True,1.38,"What data governance requirements apply to training, validation and testing datasets?"
B27,B,knowledge,single_article,EU AI Act,EUAI_Art10,rag_only,1.0,1.0,1.0,1.0,EUAI_Art10,EUAI_Art10,EUAI_Art10,0.0,N/A,0.6667,0.3333,0,27,True,28.05,"What data governance requirements apply to training, validation and testing datasets?"
B28,B,knowledge,single_article,EU AI Act,EUAI_Art11,hybrid,0.6667,0.6667,0.5,1.0,EUAI_Art11|EUAI_ArtAnnexIV,EUAI_Art11|EUAI_ArtAnnexIV,EUAI_Art11,0.0,1.0,0.8,0.5,12,31,True,12.96,What technical documentation must a provider of a high-risk AI system draw up?
B28,B,knowledge,single_article,EU AI Act,EUAI_Art11,kg_only,1.0,1.0,1.0,1.0,EUAI_Art11,EUAI_Art11,EUAI_Art11,0.0,1.0,0.2,0.5,12,0,True,1.21,What technical documentation must a provider of a high-risk AI system draw up?
B28,B,knowledge,single_article,EU AI Act,EUAI_Art11,rag_only,0.6667,0.6667,0.5,1.0,EUAI_Art11|EUAI_ArtAnnexIV,EUAI_Art11|EUAI_ArtAnnexIV,EUAI_Art11,0.0,N/A,0.4,0.2,0,31,True,2.44,What technical documentation must a provider of a high-risk AI system draw up?
B29,B,knowledge,single_article,EU AI Act,EUAI_Art12,hybrid,0.6667,0.6667,0.5,1.0,EUAI_Art12|EUAI_Art19,EUAI_Art12|EUAI_Art19,EUAI_Art12,0.0,1.0,0.8,1.0,12,32,True,23.72,What record-keeping and logging capabilities must high-risk AI systems provide?
B29,B,knowledge,single_article,EU AI Act,EUAI_Art12,kg_only,0.6667,0.6667,0.5,1.0,EUAI_Art12|EUAI_Art19,EUAI_Art12|EUAI_Art19,EUAI_Art12,0.0,1.0,0.4,1.0,12,0,True,1.66,What record-keeping and logging capabilities must high-risk AI systems provide?
B29,B,knowledge,single_article,EU AI Act,EUAI_Art12,rag_only,1.0,1.0,1.0,1.0,EUAI_Art12,EUAI_Art12,EUAI_Art12,0.0,N/A,0.8,0.4,0,32,True,27.62,What record-keeping and logging capabilities must high-risk AI systems provide?
B30,B,knowledge,single_article,EU AI Act,EUAI_Art14,hybrid,1.0,1.0,1.0,1.0,EUAI_Art14,EUAI_Art14,EUAI_Art14,0.0,1.0,0.6,0.5,12,33,True,33.59,What does the human oversight requirement demand for high-risk AI systems?
B30,B,knowledge,single_article,EU AI Act,EUAI_Art14,kg_only,0.6667,0.6667,0.5,1.0,EUAI_Art14|EUAI_Art26,EUAI_Art14|EUAI_Art26,EUAI_Art14,0.0,1.0,0.4,0.5,12,0,True,1.36,What does the human oversight requirement demand for high-risk AI systems?
B30,B,knowledge,single_article,EU AI Act,EUAI_Art14,rag_only,1.0,1.0,1.0,1.0,EUAI_Art14,EUAI_Art14,EUAI_Art14,0.0,N/A,0.6,0.4,0,33,True,29.89,What does the human oversight requirement demand for high-risk AI systems?
B31,B,knowledge,single_article,EU AI Act,EUAI_Art15,hybrid,0.4,0.4,0.25,1.0,EUAI_Art13|EUAI_Art14|EUAI_Art15|EUAI_Art9,EUAI_Art13|EUAI_Art14|EUAI_Art15|EUAI_Art9,EUAI_Art15,0.0,0.0,0.6667,1.0,12,31,True,31.71,"What accuracy, robustness and cybersecurity obligations apply to high-risk AI systems?"
B31,B,knowledge,single_article,EU AI Act,EUAI_Art15,kg_only,0.0,0.0,0.0,0.0,EUAI_Art16|EUAI_Art17,EUAI_Art16|EUAI_Art17,EUAI_Art15,0.0,0.0,0.1667,1.0,12,0,True,1.54,"What accuracy, robustness and cybersecurity obligations apply to high-risk AI systems?"
B31,B,knowledge,single_article,EU AI Act,EUAI_Art15,rag_only,1.0,1.0,1.0,1.0,EUAI_Art15,EUAI_Art15,EUAI_Art15,0.0,N/A,0.6667,0.2,0,31,True,26.3,"What accuracy, robustness and cybersecurity obligations apply to high-risk AI systems?"
B32,B,knowledge,single_article,EU AI Act,EUAI_Art50,hybrid,1.0,1.0,1.0,1.0,EUAI_Art50,EUAI_Art50,EUAI_Art50,0.0,1.0,0.4,1.0,12,27,True,30.1,What transparency obligation applies to AI systems that interact directly with natural persons?
B32,B,knowledge,single_article,EU AI Act,EUAI_Art50,kg_only,1.0,1.0,1.0,1.0,EUAI_Art50,EUAI_Art50,EUAI_Art50,0.0,1.0,0.4,1.0,12,0,True,2.68,What transparency obligation applies to AI systems that interact directly with natural persons?
B32,B,knowledge,single_article,EU AI Act,EUAI_Art50,rag_only,1.0,1.0,1.0,1.0,EUAI_Art50,EUAI_Art50,EUAI_Art50,0.0,N/A,0.4,0.25,0,27,True,23.55,What transparency obligation applies to AI systems that interact directly with natural persons?
B33,B,knowledge,multi_article,EU AI Act,EUAI_Art50,hybrid,0.5,0.5,0.3333,1.0,EUAI_Art16|EUAI_Art50|EUMDR_Art10,EUAI_Art16|EUAI_Art50|EUMDR_Art10,EUAI_Art50,0.0,1.0,0.8,0.3333,12,25,True,28.7,"What marking and disclosure duties apply to synthetic, deep fake and emotion recognition outputs?"
B33,B,knowledge,multi_article,EU AI Act,EUAI_Art50,kg_only,0.5,0.5,0.3333,1.0,EUAI_Art16|EUAI_Art50|EUMDR_Art10,EUAI_Art16|EUAI_Art50|EUMDR_Art10,EUAI_Art50,0.0,1.0,0.4,0.0,12,0,True,1.58,"What marking and disclosure duties apply to synthetic, deep fake and emotion recognition outputs?"
B33,B,knowledge,multi_article,EU AI Act,EUAI_Art50,rag_only,1.0,1.0,1.0,1.0,EUAI_Art50,EUAI_Art50,EUAI_Art50,0.0,N/A,1.0,0.25,0,25,True,23.69,"What marking and disclosure duties apply to synthetic, deep fake and emotion recognition outputs?"
C34,C,knowledge,cross_regulation,GDPR + EU AI Act,GDPR_Art9|EUAI_Art10,hybrid,0.6667,0.6667,1.0,0.5,GDPR_Art9,GDPR_Art9,EUAI_Art10|GDPR_Art9,0.0,1.0,0.6,0.0,12,25,True,27.61,On what basis may special category personal data be processed to detect and correct bias in a high-risk AI system?
C34,C,knowledge,cross_regulation,GDPR + EU AI Act,GDPR_Art9|EUAI_Art10,kg_only,0.6667,0.6667,1.0,0.5,GDPR_Art9,GDPR_Art9,EUAI_Art10|GDPR_Art9,0.0,1.0,0.8,0.3333,12,0,True,1.81,On what basis may special category personal data be processed to detect and correct bias in a high-risk AI system?
C34,C,knowledge,cross_regulation,GDPR + EU AI Act,GDPR_Art9|EUAI_Art10,rag_only,0.5,0.5,0.5,0.5,GDPR_Art6|GDPR_Art9,GDPR_Art6|GDPR_Art9,EUAI_Art10|GDPR_Art9,0.0,N/A,0.8,0.6667,0,25,True,23.88,On what basis may special category personal data be processed to detect and correct bias in a high-risk AI system?
C35,C,knowledge,multi_article,EU AI Act,EUAI_Art16|EUAI_Art26,hybrid,0.5714,0.5714,0.4,1.0,EUAI_Art13|EUAI_Art16|EUAI_Art17|EUAI_Art20|EUAI_Art26,EUAI_Art13|EUAI_Art16|EUAI_Art17|EUAI_Art20|EUAI_Art26,EUAI_Art16|EUAI_Art26,0.0,1.0,0.8,1.0,12,34,True,33.67,How are obligations divided between the provider and the deployer of a high-risk AI system?
C35,C,knowledge,multi_article,EU AI Act,EUAI_Art16|EUAI_Art26,kg_only,0.5,0.5,0.3333,1.0,EUAI_Art13|EUAI_Art16|EUAI_Art17|EUAI_Art18|EUAI_Art20|EUAI_Art26,EUAI_Art13|EUAI_Art16|EUAI_Art17|EUAI_Art18|EUAI_Art20|EUAI_Art26,EUAI_Art16|EUAI_Art26,0.0,1.0,0.0,1.0,12,0,True,1.84,How are obligations divided between the provider and the deployer of a high-risk AI system?
C35,C,knowledge,multi_article,EU AI Act,EUAI_Art16|EUAI_Art26,rag_only,0.6667,0.6667,0.5,1.0,EUAI_Art16|EUAI_Art20|EUAI_Art26|EUAI_Art29,EUAI_Art16|EUAI_Art20|EUAI_Art26|EUAI_Art29,EUAI_Art16|EUAI_Art26,0.0,N/A,0.6,0.4,0,34,True,31.1,How are obligations divided between the provider and the deployer of a high-risk AI system?
C36,C,knowledge,cross_regulation,GDPR + EU AI Act + EU MDR 2017/745,GDPR_Art9|EUAI_Art6|EUMDR_Art61|EUMDR_ArtAnnexVIII,hybrid,0.4444,0.4,0.4,0.5,EUAI_Art14|EUAI_Art43|EUMDR_Art2|EUMDR_Art61|GDPR_Art6|GDPR_Art9,EUAI_Art14|EUMDR_Art2|EUMDR_Art61|GDPR_Art6|GDPR_Art9,EUAI_Art6|EUMDR_Art61|EUMDR_ArtAnnexVIII|GDPR_Art9,0.1667,1.0,1.0,0.6667,12,25,True,30.43,What obligations arise cumulatively when a diagnostic AI system processes patient health data as a medical device?
C36,C,knowledge,cross_regulation,GDPR + EU AI Act + EU MDR 2017/745,GDPR_Art9|EUAI_Art6|EUMDR_Art61|EUMDR_ArtAnnexVIII,kg_only,0.0,0.0,0.0,0.0,DUAA_ArtS80-22A|EUAI_Art14|EUMDR_Art2|GDPR_Art35|GDPR_Art6,DUAA_ArtS80-22A|EUAI_Art14|EUMDR_Art2|GDPR_Art35|GDPR_Art6,EUAI_Art6|EUMDR_Art61|EUMDR_ArtAnnexVIII|GDPR_Art9,0.0,1.0,0.8333,0.6667,12,0,True,2.31,What obligations arise cumulatively when a diagnostic AI system processes patient health data as a medical device?
C36,C,knowledge,cross_regulation,GDPR + EU AI Act + EU MDR 2017/745,GDPR_Art9|EUAI_Art6|EUMDR_Art61|EUMDR_ArtAnnexVIII,rag_only,0.75,0.75,0.75,0.75,EUAI_Art6|EUMDR_Art61|GDPR_Art6|GDPR_Art9,EUAI_Art6|EUMDR_Art61|GDPR_Art6|GDPR_Art9,EUAI_Art6|EUMDR_Art61|EUMDR_ArtAnnexVIII|GDPR_Art9,0.0,N/A,1.0,0.4,0,25,True,28.4,What obligations arise cumulatively when a diagnostic AI system processes patient health data as a medical device?
C37,C,knowledge,cross_regulation,EU AI Act + EU MDR 2017/745,EUAI_Art11|EUMDR_Art10,hybrid,0.8,0.8,0.6667,1.0,EUAI_Art11|EUMDR_Art10|EUMDR_Art61,EUAI_Art11|EUMDR_Art10|EUMDR_Art61,EUAI_Art11|EUMDR_Art10,0.0,1.0,0.4,1.0,12,29,True,30.52,How do the technical documentation duties under the EU AI Act and the EU MDR relate for AI-enabled medical device software?
C37,C,knowledge,cross_regulation,EU AI Act + EU MDR 2017/745,EUAI_Art11|EUMDR_Art10,kg_only,1.0,1.0,1.0,1.0,EUAI_Art11|EUMDR_Art10,EUAI_Art11|EUMDR_Art10,EUAI_Art11|EUMDR_Art10,0.0,1.0,0.2,0.0,12,0,True,2.07,How do the technical documentation duties under the EU AI Act and the EU MDR relate for AI-enabled medical device software?
C37,C,knowledge,cross_regulation,EU AI Act + EU MDR 2017/745,EUAI_Art11|EUMDR_Art10,rag_only,0.5,0.5,0.5,0.5,EUAI_Art11|EUMDR_ArtAnnexVIII,EUAI_Art11|EUMDR_ArtAnnexVIII,EUAI_Art11|EUMDR_Art10,0.0,N/A,0.6,0.25,0,29,True,25.98,How do the technical documentation duties under the EU AI Act and the EU MDR relate for AI-enabled medical device software?
C38,C,knowledge,cross_regulation,GDPR + DUAA 2025,GDPR_Art22|DUAA_ArtS80-22B|DUAA_ArtS80-22C,hybrid,0.8571,0.8571,0.75,1.0,DUAA_ArtS80-22A|DUAA_ArtS80-22B|DUAA_ArtS80-22C|GDPR_Art22,DUAA_ArtS80-22A|DUAA_ArtS80-22B|DUAA_ArtS80-22C|GDPR_Art22,DUAA_ArtS80-22B|DUAA_ArtS80-22C|GDPR_Art22,0.0,1.0,0.8,0.3333,12,24,True,25.45,How do the GDPR and the DUAA 2025 differ in their treatment of solely automated significant decisions?
C38,C,knowledge,cross_regulation,GDPR + DUAA 2025,GDPR_Art22|DUAA_ArtS80-22B|DUAA_ArtS80-22C,kg_only,0.8,0.8,1.0,0.6667,DUAA_ArtS80-22B|GDPR_Art22,DUAA_ArtS80-22B|GDPR_Art22,DUAA_ArtS80-22B|DUAA_ArtS80-22C|GDPR_Art22,0.0,1.0,0.4,0.0,12,0,True,1.38,How do the GDPR and the DUAA 2025 differ in their treatment of solely automated significant decisions?
C38,C,knowledge,cross_regulation,GDPR + DUAA 2025,GDPR_Art22|DUAA_ArtS80-22B|DUAA_ArtS80-22C,rag_only,0.2857,0.2857,0.25,0.3333,DUAA_ArtS80-22A|DUAA_ArtS80-22D|DUAA_ArtSchedule6|GDPR_Art22,DUAA_ArtS80-22A|DUAA_ArtS80-22D|DUAA_ArtSchedule6|GDPR_Art22,DUAA_ArtS80-22B|DUAA_ArtS80-22C|GDPR_Art22,0.0,N/A,0.6,0.4,0,24,True,19.56,How do the GDPR and the DUAA 2025 differ in their treatment of solely automated significant decisions?
D39,D,knowledge,single_article,EU MDR 2017/745,EUMDR_Art2,hybrid,1.0,1.0,1.0,1.0,EUMDR_Art2,EUMDR_Art2,EUMDR_Art2,0.0,1.0,0.4286,0.5,12,26,True,30.52,What is the definition of a medical device under EU MDR 2017/745?
D39,D,knowledge,single_article,EU MDR 2017/745,EUMDR_Art2,kg_only,1.0,1.0,1.0,1.0,EUMDR_Art2,EUMDR_Art2,EUMDR_Art2,0.0,1.0,0.4286,0.5,12,0,True,0.91,What is the definition of a medical device under EU MDR 2017/745?
D39,D,knowledge,single_article,EU MDR 2017/745,EUMDR_Art2,rag_only,1.0,1.0,1.0,1.0,EUMDR_Art2,EUMDR_Art2,EUMDR_Art2,0.0,N/A,0.4286,0.25,0,26,True,27.44,What is the definition of a medical device under EU MDR 2017/745?
D40,D,knowledge,single_article,EU MDR 2017/745,EUMDR_Art10,hybrid,1.0,1.0,1.0,1.0,EUMDR_Art10,EUMDR_Art10,EUMDR_Art10,0.0,1.0,0.6667,0.5,12,29,True,33.88,What general obligations apply to manufacturers placing medical devices on the EU market?
D40,D,knowledge,single_article,EU MDR 2017/745,EUMDR_Art10,kg_only,1.0,1.0,1.0,1.0,EUMDR_Art10,EUMDR_Art10,EUMDR_Art10,0.0,1.0,0.5,0.5,12,0,True,1.41,What general obligations apply to manufacturers placing medical devices on the EU market?
D40,D,knowledge,single_article,EU MDR 2017/745,EUMDR_Art10,rag_only,0.5,0.4,0.3333,1.0,EUMDR_Art10|EUMDR_Art61|EUMDR_ArtAnnexI|EUMDR_ArtAnnexXIV,EUMDR_Art10|EUMDR_Art61|EUMDR_ArtAnnexI,EUMDR_Art10,0.25,N/A,0.6667,0.25,0,29,True,28.72,What general obligations apply to manufacturers placing medical devices on the EU market?
D41,D,knowledge,single_article,EU MDR 2017/745,EUMDR_Art61,hybrid,1.0,1.0,1.0,1.0,EUMDR_Art61,EUMDR_Art61,EUMDR_Art61,0.0,1.0,0.6,0.5,12,28,True,30.2,What does the EU MDR require in relation to clinical evaluation of a device?
D41,D,knowledge,single_article,EU MDR 2017/745,EUMDR_Art61,kg_only,0.6667,0.6667,0.5,1.0,EUMDR_Art10|EUMDR_Art61,EUMDR_Art10|EUMDR_Art61,EUMDR_Art61,0.0,1.0,0.6,0.5,12,0,True,1.3,What does the EU MDR require in relation to clinical evaluation of a device?
D41,D,knowledge,single_article,EU MDR 2017/745,EUMDR_Art61,rag_only,1.0,1.0,1.0,1.0,EUMDR_Art61,EUMDR_Art61,EUMDR_Art61,0.0,N/A,0.6,0.2,0,28,True,27.11,What does the EU MDR require in relation to clinical evaluation of a device?
D42,D,knowledge,single_article,EU MDR 2017/745,EUMDR_Art83,hybrid,1.0,1.0,1.0,1.0,EUMDR_Art83,EUMDR_Art83,EUMDR_Art83,0.0,0.0,0.8,1.0,12,28,True,32.58,What must a manufacturer's post-market surveillance system under the EU MDR cover?
D42,D,knowledge,single_article,EU MDR 2017/745,EUMDR_Art83,kg_only,0.0,0.0,0.0,0.0,EUMDR_Art10,EUMDR_Art10,EUMDR_Art83,0.0,0.0,0.4,1.0,12,0,True,1.49,What must a manufacturer's post-market surveillance system under the EU MDR cover?
D42,D,knowledge,single_article,EU MDR 2017/745,EUMDR_Art83,rag_only,1.0,1.0,1.0,1.0,EUMDR_Art83,EUMDR_Art83,EUMDR_Art83,0.0,N/A,0.6,0.4,0,28,True,27.69,What must a manufacturer's post-market surveillance system under the EU MDR cover?
D43,D,knowledge,single_article,EU MDR 2017/745,EUMDR_Art87,hybrid,1.0,1.0,1.0,1.0,EUMDR_Art87,EUMDR_Art87,EUMDR_Art87,0.0,0.0,0.6,1.0,12,24,True,13.38,"What incidents must a manufacturer report under the EU MDR vigilance system, and within what deadlines?"
D43,D,knowledge,single_article,EU MDR 2017/745,EUMDR_Art87,kg_only,0.0,0.6667,0.0,0.0,EUMDR_Art87|EUMDR_Art88,,EUMDR_Art87,1.0,0.0,0.6,1.0,12,0,True,1.21,"What incidents must a manufacturer report under the EU MDR vigilance system, and within what deadlines?"
D43,D,knowledge,single_article,EU MDR 2017/745,EUMDR_Art87,rag_only,1.0,1.0,1.0,1.0,EUMDR_Art87,EUMDR_Art87,EUMDR_Art87,0.0,N/A,0.8,0.3333,0,24,True,2.15,"What incidents must a manufacturer report under the EU MDR vigilance system, and within what deadlines?"
D44,D,knowledge,single_article,EU MDR 2017/745,EUMDR_ArtAnnexI,hybrid,0.0,0.0,0.0,0.0,EUMDR_Art61,EUMDR_Art61,EUMDR_ArtAnnexI,0.0,0.0,0.2,0.5,12,26,True,13.31,What do the general safety and performance requirements in Annex I of the EU MDR require?
D44,D,knowledge,single_article,EU MDR 2017/745,EUMDR_ArtAnnexI,kg_only,0.0,1.0,0.0,0.0,EUMDR_ArtAnnexI,,EUMDR_ArtAnnexI,1.0,0.0,0.2,0.0,12,0,True,0.97,What do the general safety and performance requirements in Annex I of the EU MDR require?
D44,D,knowledge,single_article,EU MDR 2017/745,EUMDR_ArtAnnexI,rag_only,0.0,0.6667,0.0,0.0,EUMDR_Art61|EUMDR_ArtAnnexI,EUMDR_Art61,EUMDR_ArtAnnexI,0.5,N/A,0.2,0.25,0,26,True,23.99,What do the general safety and performance requirements in Annex I of the EU MDR require?
D45,D,knowledge,single_article,EU MDR 2017/745,EUMDR_ArtAnnexVIII,hybrid,1.0,1.0,1.0,1.0,EUMDR_ArtAnnexVIII,EUMDR_ArtAnnexVIII,EUMDR_ArtAnnexVIII,0.0,1.0,0.625,0.5,7,24,True,27.29,How are medical devices classified under Annex VIII of the EU MDR?
D45,D,knowledge,single_article,EU MDR 2017/745,EUMDR_ArtAnnexVIII,kg_only,1.0,1.0,1.0,1.0,EUMDR_ArtAnnexVIII,EUMDR_ArtAnnexVIII,EUMDR_ArtAnnexVIII,0.0,1.0,0.125,0.5,7,0,True,0.92,How are medical devices classified under Annex VIII of the EU MDR?
D45,D,knowledge,single_article,EU MDR 2017/745,EUMDR_ArtAnnexVIII,rag_only,1.0,1.0,1.0,1.0,EUMDR_ArtAnnexVIII,EUMDR_ArtAnnexVIII,EUMDR_ArtAnnexVIII,0.0,N/A,0.125,0.2,0,24,True,23.12,How are medical devices classified under Annex VIII of the EU MDR?
D46,D,knowledge,multi_article,EU MDR 2017/745,EUMDR_Art2|EUMDR_ArtAnnexVIII,hybrid,1.0,1.0,1.0,1.0,EUMDR_Art2|EUMDR_ArtAnnexVIII,EUMDR_Art2|EUMDR_ArtAnnexVIII,EUMDR_Art2|EUMDR_ArtAnnexVIII,0.0,1.0,0.6,0.5,12,29,True,32.3,"When does software qualify as a medical device under the EU MDR, and how is it classified?"
D46,D,knowledge,multi_article,EU MDR 2017/745,EUMDR_Art2|EUMDR_ArtAnnexVIII,kg_only,0.6667,0.6667,1.0,0.5,EUMDR_Art2,EUMDR_Art2,EUMDR_Art2|EUMDR_ArtAnnexVIII,0.0,1.0,0.2,0.5,12,0,True,1.62,"When does software qualify as a medical device under the EU MDR, and how is it classified?"
D46,D,knowledge,multi_article,EU MDR 2017/745,EUMDR_Art2|EUMDR_ArtAnnexVIII,rag_only,1.0,1.0,1.0,1.0,EUMDR_Art2|EUMDR_ArtAnnexVIII,EUMDR_Art2|EUMDR_ArtAnnexVIII,EUMDR_Art2|EUMDR_ArtAnnexVIII,0.0,N/A,0.4,0.25,0,29,True,26.9,"When does software qualify as a medical device under the EU MDR, and how is it classified?"
D47,D,knowledge,single_article,EU MDR 2017/745,EUMDR_Art10,hybrid,0.6667,0.6667,0.5,1.0,EUMDR_Art10|EUMDR_Art83,EUMDR_Art10|EUMDR_Art83,EUMDR_Art10,0.0,1.0,0.1667,1.0,12,31,True,32.76,What quality management system requirements apply to medical device manufacturers under the EU MDR?
D47,D,knowledge,single_article,EU MDR 2017/745,EUMDR_Art10,kg_only,1.0,1.0,1.0,1.0,EUMDR_Art10,EUMDR_Art10,EUMDR_Art10,0.0,1.0,0.1667,1.0,12,0,True,1.36,What quality management system requirements apply to medical device manufacturers under the EU MDR?
D47,D,knowledge,single_article,EU MDR 2017/745,EUMDR_Art10,rag_only,0.6667,0.6667,0.5,1.0,EUMDR_Art10|EUMDR_Art83,EUMDR_Art10|EUMDR_Art83,EUMDR_Art10,0.0,N/A,0.1667,0.25,0,31,True,28.55,What quality management system requirements apply to medical device manufacturers under the EU MDR?
D48,D,knowledge,multi_article,EU MDR 2017/745,EUMDR_ArtAnnexI|EUMDR_Art61,hybrid,0.6667,0.6667,1.0,0.5,EUMDR_Art61,EUMDR_Art61,EUMDR_Art61|EUMDR_ArtAnnexI,0.0,1.0,0.8,0.5,12,28,True,30.12,What clinical evidence is needed to demonstrate conformity with the general safety and performance requirements?
D48,D,knowledge,multi_article,EU MDR 2017/745,EUMDR_ArtAnnexI|EUMDR_Art61,kg_only,0.5,0.5,0.5,0.5,EUMDR_Art10|EUMDR_Art61,EUMDR_Art10|EUMDR_Art61,EUMDR_Art61|EUMDR_ArtAnnexI,0.0,1.0,0.8,1.0,12,0,True,1.4,What clinical evidence is needed to demonstrate conformity with the general safety and performance requirements?
D48,D,knowledge,multi_article,EU MDR 2017/745,EUMDR_ArtAnnexI|EUMDR_Art61,rag_only,0.6667,0.6667,1.0,0.5,EUMDR_Art61,EUMDR_Art61,EUMDR_Art61|EUMDR_ArtAnnexI,0.0,N/A,0.8,0.0,0,28,True,25.4,What clinical evidence is needed to demonstrate conformity with the general safety and performance requirements?
E49,E,knowledge,single_article,UK MDR 2002,UKMDR_Art2,hybrid,1.0,1.0,1.0,1.0,UKMDR_Art2,UKMDR_Art2,UKMDR_Art2,0.0,1.0,0.6,0.5,12,30,True,33.76,"How does Regulation 2 of the UK MDR 2002 define a medical device, and when does software fall within that definition?"
E49,E,knowledge,single_article,UK MDR 2002,UKMDR_Art2,kg_only,1.0,1.0,1.0,1.0,UKMDR_Art2,UKMDR_Art2,UKMDR_Art2,0.0,1.0,0.6,0.0,12,0,True,1.16,"How does Regulation 2 of the UK MDR 2002 define a medical device, and when does software fall within that definition?"
E49,E,knowledge,single_article,UK MDR 2002,UKMDR_Art2,rag_only,0.0,0.0,0.0,0.0,,,UKMDR_Art2,0.0,N/A,0.4,0.25,0,30,True,28.81,"How does Regulation 2 of the UK MDR 2002 define a medical device, and when does software fall within that definition?"
E50,E,knowledge,single_article,UK MDR 2002,UKMDR_Art5,hybrid,1.0,1.0,1.0,1.0,UKMDR_Art5,UKMDR_Art5,UKMDR_Art5,0.0,0.0,0.8,0.0,10,25,True,28.59,How does Regulation 5 of the UK MDR 2002 define key terms used in Part II?
E50,E,knowledge,single_article,UK MDR 2002,UKMDR_Art5,kg_only,0.0,1.0,0.0,0.0,UKMDR_Art5,,UKMDR_Art5,1.0,0.0,0.2,0.0,10,0,True,1.11,How does Regulation 5 of the UK MDR 2002 define key terms used in Part II?
E50,E,knowledge,single_article,UK MDR 2002,UKMDR_Art5,rag_only,1.0,1.0,1.0,1.0,UKMDR_Art5,UKMDR_Art5,UKMDR_Art5,0.0,N/A,0.8,0.0,0,25,True,23.96,How does Regulation 5 of the UK MDR 2002 define key terms used in Part II?
E51,E,knowledge,single_article,UK MDR 2002,UKMDR_Art7,hybrid,1.0,1.0,1.0,1.0,UKMDR_Art7,UKMDR_Art7,UKMDR_Art7,0.0,1.0,0.2857,0.5,12,26,True,30.19,"How are general medical devices classified under Regulation 7 of the UK MDR 2002, and who resolves classification disputes?"
E51,E,knowledge,single_article,UK MDR 2002,UKMDR_Art7,kg_only,1.0,1.0,1.0,1.0,UKMDR_Art7,UKMDR_Art7,UKMDR_Art7,0.0,1.0,0.2857,1.0,12,0,True,1.13,"How are general medical devices classified under Regulation 7 of the UK MDR 2002, and who resolves classification disputes?"
E51,E,knowledge,single_article,UK MDR 2002,UKMDR_Art7,rag_only,1.0,1.0,1.0,1.0,UKMDR_Art7,UKMDR_Art7,UKMDR_Art7,0.0,N/A,0.2857,0.25,0,26,True,26.39,"How are general medical devices classified under Regulation 7 of the UK MDR 2002, and who resolves classification disputes?"
E52,E,knowledge,single_article,UK MDR 2002,UKMDR_Art8,hybrid,1.0,1.0,1.0,1.0,UKMDR_Art8,UKMDR_Art8,UKMDR_Art8,0.0,1.0,0.4,0.5,10,24,True,28.43,What must a relevant device satisfy before it may be placed on the market or put into service under Regulation 8 of the UK MDR 2002?
E52,E,knowledge,single_article,UK MDR 2002,UKMDR_Art8,kg_only,1.0,1.0,1.0,1.0,UKMDR_Art8,UKMDR_Art8,UKMDR_Art8,0.0,1.0,0.4,0.5,10,0,True,1.34,What must a relevant device satisfy before it may be placed on the market or put into service under Regulation 8 of the UK MDR 2002?
E52,E,knowledge,single_article,UK MDR 2002,UKMDR_Art8,rag_only,1.0,1.0,1.0,1.0,UKMDR_Art8,UKMDR_Art8,UKMDR_Art8,0.0,N/A,0.4,0.3333,0,24,True,22.04,What must a relevant device satisfy before it may be placed on the market or put into service under Regulation 8 of the UK MDR 2002?
E53,E,knowledge,single_article,UK MDR 2002,UKMDR_Art9,hybrid,1.0,1.0,1.0,1.0,UKMDR_Art9,UKMDR_Art9,UKMDR_Art9,0.0,1.0,0.0,1.0,12,22,True,25.38,How is compliance with the essential requirements assessed under Regulation 9 of the UK MDR 2002?
E53,E,knowledge,single_article,UK MDR 2002,UKMDR_Art9,kg_only,1.0,1.0,1.0,1.0,UKMDR_Art9,UKMDR_Art9,UKMDR_Art9,0.0,1.0,0.2,1.0,12,0,True,1.06,How is compliance with the essential requirements assessed under Regulation 9 of the UK MDR 2002?
E53,E,knowledge,single_article,UK MDR 2002,UKMDR_Art9,rag_only,1.0,1.0,1.0,1.0,UKMDR_Art9,UKMDR_Art9,UKMDR_Art9,0.0,N/A,0.6,0.3333,0,22,True,21.38,How is compliance with the essential requirements assessed under Regulation 9 of the UK MDR 2002?
E54,E,knowledge,single_article,UK MDR 2002,UKMDR_ArtPart4A,hybrid,1.0,1.0,1.0,1.0,UKMDR_ArtPart4A,UKMDR_ArtPart4A,UKMDR_ArtPart4A,0.0,1.0,0.6,0.5,12,26,True,30.98,What post-market surveillance system must a manufacturer maintain under Part 4A of the UK MDR 2002?
E54,E,knowledge,single_article,UK MDR 2002,UKMDR_ArtPart4A,kg_only,1.0,1.0,1.0,1.0,UKMDR_ArtPart4A,UKMDR_ArtPart4A,UKMDR_ArtPart4A,0.0,1.0,0.4,0.5,12,0,True,1.22,What post-market surveillance system must a manufacturer maintain under Part 4A of the UK MDR 2002?
E54,E,knowledge,single_article,UK MDR 2002,UKMDR_ArtPart4A,rag_only,1.0,1.0,1.0,1.0,UKMDR_ArtPart4A,UKMDR_ArtPart4A,UKMDR_ArtPart4A,0.0,N/A,0.6,0.0,0,26,True,26.26,What post-market surveillance system must a manufacturer maintain under Part 4A of the UK MDR 2002?
E55,E,knowledge,single_article,UK MDR 2002,UKMDR_ArtPart4A,hybrid,1.0,1.0,1.0,1.0,UKMDR_ArtPart4A,UKMDR_ArtPart4A,UKMDR_ArtPart4A,0.0,0.0,0.2,1.0,2,25,True,27.42,"Which devices are within, and which are excluded from, the scope of Part 4A of the UK MDR 2002?"
E55,E,knowledge,single_article,UK MDR 2002,UKMDR_ArtPart4A,kg_only,0.0,1.0,0.0,0.0,UKMDR_ArtPart4A,,UKMDR_ArtPart4A,1.0,0.0,0.4,0.0,2,0,True,1.43,"Which devices are within, and which are excluded from, the scope of Part 4A of the UK MDR 2002?"
E55,E,knowledge,single_article,UK MDR 2002,UKMDR_ArtPart4A,rag_only,1.0,1.0,1.0,1.0,UKMDR_ArtPart4A,UKMDR_ArtPart4A,UKMDR_ArtPart4A,0.0,N/A,0.4,0.0,0,25,True,23.89,"Which devices are within, and which are excluded from, the scope of Part 4A of the UK MDR 2002?"
E56,E,knowledge,multi_article,UK MDR 2002,UKMDR_Art2|UKMDR_Art8|UKMDR_Art9,hybrid,0.0,0.0,0.0,0.0,EUMDR_Art2|EUMDR_Art61|EUMDR_ArtAnnexVIII,EUMDR_Art2|EUMDR_Art61|EUMDR_ArtAnnexVIII,UKMDR_Art2|UKMDR_Art8|UKMDR_Art9,0.0,1.0,0.8333,1.0,12,26,True,31.34,What requirements govern AI-enabled software classified as a medical device for the Great Britain market?
E56,E,knowledge,multi_article,UK MDR 2002,UKMDR_Art2|UKMDR_Art8|UKMDR_Art9,kg_only,0.0,0.0,0.0,0.0,EUMDR_Art10|EUMDR_Art2,EUMDR_Art10|EUMDR_Art2,UKMDR_Art2|UKMDR_Art8|UKMDR_Art9,0.0,1.0,0.5,1.0,12,0,True,1.54,What requirements govern AI-enabled software classified as a medical device for the Great Britain market?
E56,E,knowledge,multi_article,UK MDR 2002,UKMDR_Art2|UKMDR_Art8|UKMDR_Art9,rag_only,0.0,0.0,0.0,0.0,EUAI_Art6|EUAI_ArtAnnexIII|EUMDR_ArtAnnexVIII,EUAI_Art6|EUAI_ArtAnnexIII|EUMDR_ArtAnnexVIII,UKMDR_Art2|UKMDR_Art8|UKMDR_Art9,0.0,N/A,0.5,0.25,0,26,True,26.47,What requirements govern AI-enabled software classified as a medical device for the Great Britain market?
G62,G,scenario,scenario,GDPR + EU AI Act + EU MDR 2017/745,GDPR_Art9|EUAI_Art6|EUMDR_Art2,hybrid,0.5714,0.5714,0.5,0.6667,DUAA_ArtS80-22B|EUMDR_Art2|GDPR_Art6|GDPR_Art9,DUAA_ArtS80-22B|EUMDR_Art2|GDPR_Art6|GDPR_Art9,EUAI_Art6|EUMDR_Art2|GDPR_Art9,0.0,1.0,0.8,0.5,12,31,True,36.27,"We are building a fall-risk prediction AI that analyses accelerometer and heart-rate data from a wearable worn by elderly care-home residents, and sends risk scores to their caregivers so that preventive care can be provided. Which regulations apply?"
G62,G,scenario,scenario,GDPR + EU AI Act + EU MDR 2017/745,GDPR_Art9|EUAI_Art6|EUMDR_Art2,kg_only,0.4,0.4,0.5,0.3333,EUMDR_Art2|GDPR_Art35,EUMDR_Art2|GDPR_Art35,EUAI_Art6|EUMDR_Art2|GDPR_Art9,0.0,1.0,0.8,0.5,12,0,True,1.4,"We are building a fall-risk prediction AI that analyses accelerometer and heart-rate data from a wearable worn by elderly care-home residents, and sends risk scores to their caregivers so that preventive care can be provided. Which regulations apply?"
G62,G,scenario,scenario,GDPR + EU AI Act + EU MDR 2017/745,GDPR_Art9|EUAI_Art6|EUMDR_Art2,rag_only,0.2857,0.2857,0.25,0.3333,EUAI_Art5|EUMDR_Art61|GDPR_Art6|GDPR_Art9,EUAI_Art5|EUMDR_Art61|GDPR_Art6|GDPR_Art9,EUAI_Art6|EUMDR_Art2|GDPR_Art9,0.0,N/A,1.0,0.4,0,31,True,32.99,"We are building a fall-risk prediction AI that analyses accelerometer and heart-rate data from a wearable worn by elderly care-home residents, and sends risk scores to their caregivers so that preventive care can be provided. Which regulations apply?"
G63,G,scenario,scenario,GDPR,GDPR_Art9,hybrid,0.6667,0.6667,0.5,1.0,EUMDR_Art2|GDPR_Art9,EUMDR_Art2|GDPR_Art9,GDPR_Art9,0.0,0.0,0.4,0.0,12,27,True,12.8,"We sell a consumer fitness tracker that counts steps and displays resting heart rate. It is marketed purely for general wellness and makes no medical claim; it does not diagnose, monitor or treat any disease. Which regulations apply?"
G63,G,scenario,scenario,GDPR,GDPR_Art9,kg_only,0.0,0.0,0.0,0.0,EUMDR_Art2,EUMDR_Art2,GDPR_Art9,0.0,0.0,0.6,1.0,12,0,True,1.65,"We sell a consumer fitness tracker that counts steps and displays resting heart rate. It is marketed purely for general wellness and makes no medical claim; it does not diagnose, monitor or treat any disease. Which regulations apply?"
G63,G,scenario,scenario,GDPR,GDPR_Art9,rag_only,0.0,0.0,0.0,0.0,EUMDR_Art2|GDPR_Art4,EUMDR_Art2,GDPR_Art9,0.5,N/A,0.4,0.0,0,27,True,2.41,"We sell a consumer fitness tracker that counts steps and displays resting heart rate. It is marketed purely for general wellness and makes no medical claim; it does not diagnose, monitor or treat any disease. Which regulations apply?"
G64,G,scenario,scenario,GDPR + EU AI Act + EU MDR 2017/745,GDPR_Art9|EUAI_ArtAnnexIII|EUMDR_ArtAnnexVIII,hybrid,0.2857,0.2857,0.25,0.3333,EUAI_Art14|EUMDR_Art2|GDPR_Art6|GDPR_Art9,EUAI_Art14|EUMDR_Art2|GDPR_Art6|GDPR_Art9,EUAI_ArtAnnexIII|EUMDR_ArtAnnexVIII|GDPR_Art9,0.0,0.0,0.6667,0.6667,12,25,True,23.45,"We are deploying a hospital triage AI that ranks incoming emergency department patients by clinical urgency, and clinicians use the ranking to decide the order in which patients are seen. Which regulations apply?"
G64,G,scenario,scenario,GDPR + EU AI Act + EU MDR 2017/745,GDPR_Art9|EUAI_ArtAnnexIII|EUMDR_ArtAnnexVIII,kg_only,0.0,0.0,0.0,0.0,EUAI_Art14|EUMDR_Art2|GDPR_Art35|GDPR_Art6,EUAI_Art14|EUMDR_Art2|GDPR_Art35|GDPR_Art6,EUAI_ArtAnnexIII|EUMDR_ArtAnnexVIII|GDPR_Art9,0.0,0.0,0.5,0.3333,12,0,True,1.46,"We are deploying a hospital triage AI that ranks incoming emergency department patients by clinical urgency, and clinicians use the ranking to decide the order in which patients are seen. Which regulations apply?"
G64,G,scenario,scenario,GDPR + EU AI Act + EU MDR 2017/745,GDPR_Art9|EUAI_ArtAnnexIII|EUMDR_ArtAnnexVIII,rag_only,0.2857,0.2857,0.25,0.3333,EUAI_Art6|EUMDR_Art61|GDPR_Art6|GDPR_Art9,EUAI_Art6|EUMDR_Art61|GDPR_Art6|GDPR_Art9,EUAI_ArtAnnexIII|EUMDR_ArtAnnexVIII|GDPR_Art9,0.0,N/A,0.5,0.2,0,25,True,27.32,"We are deploying a hospital triage AI that ranks incoming emergency department patients by clinical urgency, and clinicians use the ranking to decide the order in which patients are seen. Which regulations apply?"
G65,G,scenario,scenario,GDPR,GDPR_Art5|GDPR_Art25|GDPR_Art32,hybrid,0.75,0.75,0.6,1.0,GDPR_Art25|GDPR_Art32|GDPR_Art5|GDPR_Art6|GDPR_Art9,GDPR_Art25|GDPR_Art32|GDPR_Art5|GDPR_Art6|GDPR_Art9,GDPR_Art25|GDPR_Art32|GDPR_Art5,0.0,1.0,0.8,0.6667,10,27,True,30.35,"We take a hospital's patient records and irreversibly anonymise them so that no individual can be re-identified by any party, then release the anonymised dataset for public health research. Which regulations apply to the released dataset?"
G65,G,scenario,scenario,GDPR,GDPR_Art5|GDPR_Art25|GDPR_Art32,kg_only,0.4,0.4,0.5,0.3333,GDPR_Art5|GDPR_Art9,GDPR_Art5|GDPR_Art9,GDPR_Art25|GDPR_Art32|GDPR_Art5,0.0,1.0,0.4,0.0,10,0,True,1.06,"We take a hospital's patient records and irreversibly anonymise them so that no individual can be re-identified by any party, then release the anonymised dataset for public health research. Which regulations apply to the released dataset?"
G65,G,scenario,scenario,GDPR,GDPR_Art5|GDPR_Art25|GDPR_Art32,rag_only,0.25,0.25,0.2,0.3333,DUAA_ArtSchedule6|EUAI_Art6|EUMDR_Art2|GDPR_Art5|GDPR_Art9,DUAA_ArtSchedule6|EUAI_Art6|EUMDR_Art2|GDPR_Art5|GDPR_Art9,GDPR_Art25|GDPR_Art32|GDPR_Art5,0.0,N/A,0.6,0.0,0,27,True,25.81,"We take a hospital's patient records and irreversibly anonymise them so that no individual can be re-identified by any party, then release the anonymised dataset for public health research. Which regulations apply to the released dataset?"
